{"cameraMode":{"drawMode":0,"name":"Shaded","section":"Shading Mode"},"sceneLighting":false,"audioPlay":false,"sceneViewState":{"m_AlwaysRefresh":false,"showFog":true,"showSkybox":true,"showFlares":true,"showImageEffects":true,"showParticleSystems":true,"showVisualEffectGraphs":true,"m_FxEnabled":true},"in2DMode":false,"pivot":{"x":30.48508644104004,"y":3.348306894302368,"z":2.9879565238952638},"rotation":{"x":0.1505221426486969,"y":0.27767691016197207,"z":-0.044098496437072757,"w":0.9477799534797669},"size":0.5209528207778931,"orthographic":false}