{"cameraMode":{"drawMode":0,"name":"Shaded","section":"Shading Mode"},"sceneLighting":false,"audioPlay":false,"sceneViewState":{"m_AlwaysRefresh":false,"showFog":true,"showSkybox":false,"showFlares":true,"showImageEffects":true,"showParticleSystems":true,"showVisualEffectGraphs":true,"m_FxEnabled":true},"in2DMode":false,"pivot":{"x":4.128101348876953,"y":2.7247047424316408,"z":1.0419468879699708},"rotation":{"x":0.027347702533006669,"y":0.8156872391700745,"z":-0.03869127482175827,"w":0.576553463935852},"size":0.5385584235191345,"orthographic":false}