{"cameraMode":{"drawMode":0,"name":"Shaded","section":"Shading Mode"},"sceneLighting":false,"audioPlay":false,"sceneViewState":{"m_AlwaysRefresh":false,"showFog":false,"showSkybox":false,"showFlares":false,"showImageEffects":false,"showParticleSystems":false,"showVisualEffectGraphs":true,"m_FxEnabled":false},"in2DMode":false,"pivot":{"x":-0.023112237453460695,"y":0.5379436612129211,"z":-0.1226305142045021},"rotation":{"x":0.0035525576677173378,"y":0.9949706792831421,"z":-0.09310933947563172,"w":0.03762650117278099},"size":0.7640125155448914,"orthographic":false}